{
  "n_configs": 245,
  "n_bootstrap": 10000,
  "point_R2_recon_only": 0.18971187775177112,
  "point_R2_recon_plus_SA": 0.5632571818990613,
  "point_deltaR2": 0.37354530414729015,
  "bootstrap_mean_deltaR2": 0.37240417024371963,
  "ci_95_lo": 0.2524605974897757,
  "ci_95_hi": 0.48932160262923663,
  "P_deltaR2_positive": 1.0
}