{
  "n_samples": 3000,
  "levels": [
    0.0,
    0.05,
    0.1,
    0.15,
    0.2,
    0.3,
    0.5,
    0.75,
    1.0
  ],
  "r2_gaussian": [
    0.9607716939452668,
    0.8121378794343732,
    0.7238863211903868,
    0.6443256167873307,
    0.5784419104010794,
    0.4496241524334379,
    0.27052772742773185,
    0.16971818095897157,
    0.10701655628010184
  ],
  "r2_signal_dep": [
    0.9607716939452668,
    0.8697571364512021,
    0.787719579271444,
    0.721563184859467,
    0.6704493954251229,
    0.5684777160245968,
    0.4216183863206048,
    0.29220104239750266,
    0.20850125925100882
  ],
  "effective_sigma_signal_dep": [
    0.0,
    0.028422546426466824,
    0.05684509285293365,
    0.08526763927940045,
    0.1136901857058673,
    0.1705352785588009,
    0.2842254642646682,
    0.4263381963970023,
    0.5684509285293364
  ],
  "max_abs_diff": 0.15109065889287293
}