{
  "sensory_dims": [
    2,
    4,
    8,
    16
  ],
  "embed_dims": [
    2,
    4,
    8,
    16,
    32
  ],
  "mean_grid": [
    [
      -0.009214361174963414,
      -0.009899931610561907,
      0.037722250819206236,
      0.06932500284165144,
      -0.006717334699351341
    ],
    [
      -0.006005837488919497,
      0.04179363781586289,
      -0.002795880101621151,
      0.00716851819306612,
      0.00309083447791636
    ],
    [
      0.008560289861634374,
      0.017235292680561544,
      -0.025133482087403534,
      0.025920286122709513,
      0.10467006266117096
    ],
    [
      0.03300737291574478,
      0.02315523587167263,
      0.04107589926570654,
      0.23346528708934783,
      0.14514585435390473
    ]
  ],
  "CI_lo": [
    [
      -0.017984979227185248,
      -0.019576752744615077,
      -0.01442217342555523,
      -0.005446217814460396,
      -0.014907220564782619
    ],
    [
      -0.02702443450689316,
      0.005252777878195047,
      -0.018409180082380773,
      -0.01016055028885603,
      -0.013070758106186986
    ],
    [
      -0.010170374857261777,
      -0.01036351229995489,
      -0.04537996891885996,
      -0.0016562716104090215,
      0.03297816216945648
    ],
    [
      -0.000534573569893837,
      -0.0119361761957407,
      -0.0006800364702939987,
      0.11195523142814637,
      0.060008852183818816
    ]
  ],
  "CI_hi": [
    [
      -0.00021837130188941955,
      -0.0002231104765087366,
      0.0898666750639677,
      0.1525741911958903,
      0.0015339882927946746
    ],
    [
      0.019070752803236245,
      0.07707418128848076,
      0.016235025972127913,
      0.02449758667498827,
      0.018736131880432015
    ],
    [
      0.033067149110138416,
      0.058273414894938466,
      -0.010852763522416353,
      0.06537002446129918,
      0.1990740720182657
    ],
    [
      0.07336800247430801,
      0.060286116972565654,
      0.08929455596953631,
      0.35072906613349913,
      0.2443266525864601
    ]
  ],
  "substitution_test_rich_min_vs_poor_max": {
    "A_label": "sensory=16, embed=2",
    "B_label": "sensory=2, embed=32",
    "mean_A": 0.03300737291574478,
    "mean_B": -0.006717334699351341,
    "diff": 0.03972470761509612,
    "diff_CI_lo": 0.004381910034280736,
    "diff_CI_hi": 0.08335052049427759,
    "cohens_d": 1.1011295355167294,
    "P_A_gt_B_bootstrap": 0.9896
  },
  "ceiling_vs_floor": {
    "C_label": "sensory=16, embed=16",
    "D_label": "sensory=2, embed=4",
    "mean_C": 0.23346528708934783,
    "mean_D": -0.009899931610561907,
    "diff": 0.24336521869990974,
    "diff_CI_lo": 0.12234405339695513,
    "diff_CI_hi": 0.3626509792456636,
    "cohens_d": 2.20982539988488,
    "P_C_gt_D_bootstrap": 1.0
  }
}