{
  "sensory_dims": [
    2,
    4,
    8,
    16
  ],
  "KSG_MI_nats": {
    "2": 0.0,
    "4": 0.0,
    "8": 0.05397700959136209,
    "16": 0.22945614501769995
  },
  "linear_probe_R2": {
    "2": 0.15294462739919942,
    "4": 0.2747063966570527,
    "8": 0.8209513988812434,
    "16": 0.9999999999999913
  },
  "Gaussian_MI_nats": {
    "2": 0.3319784229910075,
    "4": 0.6423574719550593,
    "8": 3.4401959907297663,
    "16": 27.631021115871036
  },
  "peak_SA_by_sensory_dim": {
    "2": 0.06932500284165144,
    "4": 0.04179363781586289,
    "8": 0.10467006266117096,
    "16": 0.23346528708934783
  },
  "correlations_with_peak_SA": {
    "KSG_MI": 0.9902551024767258,
    "Gaussian_MI": 0.9750320029102161,
    "R2_probe": 0.8491660690740306
  },
  "n_samples": 3000
}